sgi_ID;Major_RGI_Region;Mountain_range_Region;Country;Glacier;Lake_type;Hazard_main_type;Hazard_sub_type;Type;WP mechanism (speculated)(see Ogier Review on Water Pocket);X;Y;River;Date;Date_Min;Date_Max;Mean_englaziale_cavity_Volume[m3];Min_VL;Max_VL;VL_calculation;Mean_Flood_Volume_V0 [m3];Min_V1 [m3];Max_V1 [m3];V0_calculation;Peak_discharge_Qp [m3/s];Min_Qp [m3/s];Max_Qp [m3/s];Qp_calculation;Impact_and_destruction;area_damaged_m2;Further_comments;First_reference_found;Reference
B52-29;Central Europe;Alps;Switzerland;Allalingletscher;water pocket;;;;unknown;2636574,25;1098078,38;Saaservispa;1976-03-15;;;;;;;;;;;;;;;;;;1983;Kasser, P., Aellen, M., and Siegenthaler, S. (1983). Die Gletscher der Schweizer Alpen. Jahrbuch 96/97, Gletscherkommission der Schweizer Akademie der Naturwissenschaften l SANW, Versuchsanstalt für Wasserbau, Hydrologie und Glaziologie der ETH Zürich. CITED IN VAW (2003). Inventar gefährlicher Gletscher in der Schweiz (Tech. Rep. No. Mitteilung 182): ETH Zürich, Versuchsanstalt für Wasserbau.
A51d-19;Central Europe;Alps;Switzerland;Bächenfirn (Silenen);water pocket;Glacier outburst flood;Internal glacier lake;;unknown;2701355,60;1178349,50;Etzlibach;1957-08-13;;;;;;;;;;;;;;;"debris covered pastures; major damage at bristen up to amsteg; ~30.000 CHF damage to private grounds; destroyed barrages, bridges and paths";;Ausbruch einer Wassertasche. Ausgehend vom Gebiet des Oberalpfirns und des Hängegletschers in der Westflanke des Oberalpstocks Hochwasser im Gletscherbach, das im Zusammenhang stand mit kurzen, aber sehr intensiven Niederschlägen im Gotthardgebiet (maximale Niederschlagsmengen bei Biasca 115.5 mm, im Gotthard Hospiz 89.7 mm). Die Erosionsrinne liegt direkt unterhalb des Gletschers, wobei das nördliche Bachbett zwischen 2480 und 2030 m ü. M. breit ausgehoben wurde. Die im Gletscher gestauten Wassermassen stammten wohl auch von den starken Niederschlägen in dem fraglichen Gebiet. Der Etzlibach hatte ebenfalls Hochwasser (Normalereignis), die sich dadruch ergebenden kumulierenden Abflüsse bewirkten im Maderanertal grosse Übermurungen und Überschwemmungen. Folgen: Übermurung von Kulturland mit grossen Schäden bei Bristen und bis Amsteg. Der Schaden auf Privatgebiet wurde auf rund 30000 CHF geschätzt, durch Zerstörung von Wehren, Brücken und Waldweg entstand der Öffentlichkeit allerdings ein weitaus grösserer Schaden. ;unknown;UZH [Universität Zürich]
B73-14;Central Europe;Alps;Switzerland;Bas d'Arolla;water pocket;Glacier outburst flood;Internal glacier lake;;temporary blockage of subglacial channel;2604753,25;1092866,00;La Borgne d'Arolla;1974-06-10;;;;;;;2 250,00;2000,00;2500,00;unknown;2,45;;;unknown;no damage;;Ein Wassertaschenausbruch mit einer schnellen Anfangsspitze der Abflussganglinie, jedoch geringem Ausbruchsvolumen wurde von der Grande Dixence SA registriert. Als wahrscheinliche Ursache wurde eine temporäre Verstopfung des subglazialen Abflusses mit Eistrümmern und ein anschliessendes Versagen dieser Barriere angenommen.;1983;"Haeberli, W. (1983). Frequency and characteristics of glacier floods in the Swiss Alps. Annals of Glaciology, 4, 85-90.
Bezinge, A. (unknown) unknown
VAW 2003"
B53-08;Central Europe;Alps;Switzerland;Bidergletscher;water pocket;Glacier outburst flood, Glacier outburst flood, Glacier outburst flood, Glacier outburst flood;Internal glacier lake, Internal glacier lake, Internal glacier lake, Internal glacier lake;;unknown;2634851,75;1108866,50;Biderbach;1828-07;;;;;;;;;;;;;;;"material damage
arable/agricultural land";;Ein Wassertaschenausbruch am Bidergletscher transportierte viel Geröll ins Haupttal. In der Folge wurde die Vispa angestaut und die Wiesen von Tamatsand und Bidermatten versumpft. Der Schuttriegel wurde erst 40 Jahre später, während einem Gewitterhochwasser im Triftbach durchbrochen und die Wiesen wieder entsumpft.;1926;"Haeberli, W. (1983). Frequency and characteristics of glacier floods in the Swiss Alps. Annals of Glaciology, 4, 85-90; Ruppen, P. J., Imseng, G., & Imseng, W. (1979). Saaser Chronik, 1200-1979. Verkehrsverein Saas-Fee, Mengis Druck und Verlag. & Lütschg, O. (1926). Über Niederschlag und Abfluß im Hochgebirge, Sonderdarstellung des Mattmarkgebietes. Verbandsschrift Nr. 14, Schweizerischer Wasserwirtschaftsverband - Veröffentlichung der Hydrologischen Abteilung der Schweizerischen Meteorologischen Zentralanstalt in Zürich. CITED IN VAW (2003). Inventar gefährlicher Gletscher in der Schweiz (Tech. Rep. No. Mitteilung 182): ETH Zürich, Versuchsanstalt für Wasserbau."
B53-08;Central Europe;Alps;Switzerland;Bidergletscher;water pocket;Glacier outburst flood, Glacier outburst flood, Glacier outburst flood, Glacier outburst flood;Internal glacier lake, Internal glacier lake, Internal glacier lake, Internal glacier lake;;unknown;2634851,75;1108866,50;Biderbach;1975;1970,00;1979;;;;;;;;;;;;;unknown or not specified;;Anfangs der 1970er Jahre ereigneten sich verschiedene grössere Eis- und Wassertaschenausbrüche.;2003;Röthlisberger, H. (pers. comm.) CITED IN VAW (2003). Inventar gefährlicher Gletscher in der Schweiz (Tech. Rep. No. Mitteilung 182): ETH Zürich, Versuchsanstalt für Wasserbau.
B53-08;Central Europe;Alps;Switzerland;Bidergletscher;water pocket;Glacier outburst flood, Glacier outburst flood, Glacier outburst flood, Glacier outburst flood;Internal glacier lake, Internal glacier lake, Internal glacier lake, Internal glacier lake;;unknown;2634851,75;1108866,50;Biderbach;1981-09;;;;;;;;;;;;;;;unknown or not specified;;Wassertaschenausbruch am Bidergletscher.;2003;Röthlisberger, H.  (note) CITED IN VAW (2003). Inventar gefährlicher Gletscher in der Schweiz (Tech. Rep. No. Mitteilung 182): ETH Zürich, Versuchsanstalt für Wasserbau.
B53-08;Central Europe;Alps;Switzerland;Bidergletscher;water pocket;Glacier outburst flood, Glacier outburst flood, Glacier outburst flood, Glacier outburst flood;Internal glacier lake, Internal glacier lake, Internal glacier lake, Internal glacier lake;;unknown;2634851,75;1108866,50;Biderbach;1982-06-11;;;;;;;;;;;;;;;unknown or not specified;;"Ein Wassertaschenausbruch verursachte einen Murgang und staute die Saaser Vispa bis zum Strassenrand. Um 7:00 Uhr wurde ein starker, fontänenartiger Wasseraustritt auf der orographisch linken Gletscherseite beobachtet. Das Wasser war zu diesem Zeitpunkt nicht schmutzig. Der herumliegende Eisschutt wurde kaum erodiert. In der gestauten Vispa ereignete sich nach einem kurzen Stau ein sekundäres Hochwasser mit einer Abflussspitze, die beim Limnigraphen in Saas Balen um 2 m³/s grösser war als der Normalabfluss.
debris flow";1983;"Haeberli, W. (1983) Frequency and characteristics of glacier floods in the Swiss Alps.
VAW (2003). Inventar gefährlicher Gletscher in der Schweiz (Tech. Rep. No. Mitteilung 182): ETH Zürich, Versuchsanstalt für Wasserbau."
A51d-15;Central Europe;Alps;Switzerland;Brunnifirn;water pocket;;;;unknown;2703690,00;1176913,25;Brunnibach;1942;;;;;;;;;;;;;;;no damage reported;;;unknown;UZH [Universität Zürich]
B53-04;Central Europe;Alps;Switzerland;Feegletscher;water pocket;;;;unknown;2634491,50;1102393,00;Feeru Vispa;2017-05-30;;;;;;;300 000,00;;;unknown;;;;;;;;2018;Glaciological Report No. 137/138 (2018) [https://doi.glamos.ch/pubs/glrep/glrep_137-138.pdf]
B53-04;Central Europe;Alps;Switzerland;Feegletscher;water pocket;;;;unknown;2634491,50;1102393,00;Feeru Vispa;2017-12-17;;;;;;;24 000,00;;;unknown;;;;;;;;2018;Glaciological Report No. 137/138 (2018) [https://doi.glamos.ch/pubs/glrep/glrep_137-138.pdf]
B55-07;Central Europe;Alps;Switzerland;Festigletscher;water pocket;Glacier outburst flood;Internal glacier lake;;unknown;2630887,50;1105232,38;Dorfbächji;1899-08-01;;;;;;;;;;;;;;;"damaged railroad & telegraph line
Material & Infrastructure damage";;Ein Wassertaschenausbruch verursachte einen Murgang. Dabei wurden die Eisenbahn- und die Telegrafenlinie beschädigt.;1899;"Forel et al. (1900) CITED IN VAW (2003). Inventar gefährlicher Gletscher in der Schweiz (Tech. Rep. No. Mitteilung 182): ETH Zürich, Versuchsanstalt für Wasserbau.; Forel, F. A., Lugeon, M. & Muret, E. (1899). Les variations périodiques des glaciers des Alps. XXe rapport, Jahrbuch S. A. C., XXXV. CITED IN Lütschg, I. O. (1915). Der Märjelensee und seine Abflussverhältnisse: eine hydrologische Studie unter Mitberücksichtigung hydrographischer Erscheinungen in anderen Flussgebieten: Annalen der Schweizer. Landeshydrographie, Vol. 1. Sekretariat des Schweizerischen Landeshydrographie in Bern."
B55-07;Central Europe;Alps;Switzerland;Festigletscher;water pocket;Glacier outburst flood;Internal glacier lake;;unknown;2630887,50;1105232,38;Dorfbächji;1981-07;;;;;;;;;;;;;;;;;;1991;Aellen, M. and Herren, E. (1991). Die Gletscher der Schweizer Alpen. Jahrbuch 103/104, Gletscherkommission der Schweizer Akademie der Naturwissenschaften l SANW, Versuchsanstalt für Wasserbau, Hydrologie und Glaziologie der ETH Zürich. CITED IN VAW (2003)
B55-07;Central Europe;Alps;Switzerland;Festigletscher;water pocket;Glacier outburst flood;Internal glacier lake;;unknown;2630887,50;1105232,38;Dorfbächji;1967-02;;;;;;;90 000,00;80000,00;100000,00;unknown;2,50;2,00;3,00;unknown;no damage;;Ein Wassertaschenausbruch mit einem grossen Volumen ereignete sich im Winterhalbjahr. Während etwa drei Tagen wurde von der Grande Dixence SA ein erhöhter Wasserabfluss registriert. Die Abllussspitze betrug 2 - 3 m³/s und das Ausbruchvolumen ca. 80000 bis 100000 m³. Dieses Ereignis hatte keine Schadenfolgen.;2003;Bezinge, A. (pers. comm.) CITED IN VAW (2003). Inventar gefährlicher Gletscher in der Schweiz (Tech. Rep. No. Mitteilung 182): ETH Zürich, Versuchsanstalt für Wasserbau.
B56-03;Central Europe;Alps;Switzerland;Findelgletscher;water pocket;;;;temporary blockage of subglacial channel;2633748,75;1093704,50;Findelbach;1943-07-23;;;;;;;;;;;;;;;;;Outbust flood from a temporary blockage of the subglacial channel. The blockage was due to a collapse of the ice roof of the glacier portal. The dimension of the collapsed piece of ice was 8m long abd 60m wide. ;1944;"Haeberli, W. (1983). Frequency and characteristics of glacier floods in the Swiss Alps. Annals of Glaciology, 4, 85-90.; Mercanton , P. L. (1944). Les variations périodiques des gllaciers des Alpes Suisses. Les Alpes l Die Alpen. Staempfli Berne. CITED IN VAW (2003). Inventar gefährlicher Gletscher in der Schweiz (Tech. Rep. No. Mitteilung 182): ETH Zürich, Versuchsanstalt für Wasserbau."
B56-03;Central Europe;Alps;Switzerland;Findelgletscher;water pocket;Glacier outburst flood;Internal glacier lake;;unknown;2633748,75;1093704,50;Findelbach;1982-05-30;;;;;;;;;;;;;;;"destroyed an artificial dam, flooded a construction site
Material & infrastructure damage";;Der Ausbruch einer Wassertasche führte zu einem Hochwasser, das den Damm einer Wasserfassung durchbrach und eine Baustelle überflutete.;1991;Aellen, M. and Herren, E. (1991). Die Gletscher der Schweizer Alpen. Jahrbuch 103/104, Gletscherkommission der Schweizer Akademie der Naturwissenschaften l SANW, Versuchsanstalt für Wasserbau, Hydrologie und Glaziologie der ETH Zürich. CITED IN VAW (2003). Inventar gefährlicher Gletscher in der Schweiz (Tech. Rep. No. Mitteilung 182): ETH Zürich, Versuchsanstalt für Wasserbau.
B56-03;Central Europe;Alps;Switzerland;Findelgletscher;water pocket;;;;temporary blockage of subglacial channel;2633748,75;1093704,50;Findelbach;2017-08-04;;;;;;;17 000,00;;;Hydrograph intergation, baseflow excluded;14,90;;;hourly gaged – baseflow excluded;;;;2017;GeoPLAN AG (2017): UeWa Findelbach.
B72-15;Central Europe;Alps;Switzerland;Galcier du Mont-Miné;water pocket;;Internal glacier lake;;hydraulic barrier;2608645,00;1094778,13;Borgne;1943-08-23;;;;;;;1 600 000,00;;;unknown;400,00;358,00;454,00;modelled;Schäden an Brücken und Strassen;;Rupture de deux poches glaciaire formées par les glaciers de Fèrpècle et du Mont-Miné. Plusieur ponts sont endomagés. Dâprès les schéma de Hagen (1944) le lac est en partie à ciel ouvert, et en partie sous la glace;1944;Hagen, T. 1944. Der Gletscherausbruck von Ferpècle. Die Alpen, Bd. 20, Ht. 9, p. 269–74. Bohorquez, P., & Darby, S. E. (2008). The use of one-and two-dimensional hydraulic modelling to reconstruct a glacial outburst flood in a steep Alpine valley. Journal of hydrology, 361(3-4), 240-261.
B72-15;Central Europe;Alps;Switzerland;Galcier du Mont-Miné;water pocket;;Internal glacier lake;;temporary blockage of subglacial channel;2608645,00;1094778,13;Borgne;1952-08-04;;;;;;;255 000,00;;;unknown;230,00;;;modelled;;;Rupture de trois poche glaciaires alimentant la Borgne à Ferpècle. Les poches d'eau sont divisés et bloquées par des blocs de glace efondrés. Le ponts de lana et une scierie ont été emporté;2003;"Bohorques, P.; Darby, S.E. (2008): The use of one- and two-dimensional hydraulic modelling to reconstruct a glacial outburst flood in a steep Alpine Valley. In Journal of Hydrologiy 361(3-4), S.240-261."
B85-23;Central Europe;Alps;Switzerland;Glacier d' Orny;water pocket;Glacier outburst flood;Internal glacier lake;;hydraulic barrier;2569972,75;1093924,75;Torrent d'Orny;1920-06-24;;;;;;;;;;;;;;;destroyed a road and the forest Frumion;;The advance of the glacier against the frontal moraine formed a natural dam for the glacial water within the the tongue. The observers reported 6 outburst in 30 min,;1921;Mercanton, P. L. (1921). Les variations périodiques des glaciers des Alpes Suisses. n° 41, p157, Jahrbuch des S.A.C. / Annuaire du C.A.S., Staempfli Berne. CITED IN VAW (2003). Inventar gefährlicher Gletscher in der Schweiz (Tech. Rep. No. Mitteilung 182): ETH Zürich, Versuchsanstalt für Wasserbau.
B85-23;Central Europe;Alps;Switzerland;Glacier d' Orny;water pocket;Glacier outburst flood;Internal glacier lake;;hydraulic barrier;2569972,75;1093924,75;Torrent d'Orny;1920-06-30;;;;;;;;;;;;;;;destroyed a road and the forest Frumion;;The advance of the glacier against the frontal moraine formed a natural dam for the glacial water within the the tongue. The observers reported 6 outburst in 30 min,;1921;Mercanton, P. L. (1921). Les variations périodiques des glaciers des Alpes Suisses. n° 41, p157, Jahrbuch des S.A.C. / Annuaire du C.A.S., Staempfli Berne. CITED IN VAW (2003). Inventar gefährlicher Gletscher in der Schweiz (Tech. Rep. No. Mitteilung 182): ETH Zürich, Versuchsanstalt für Wasserbau.
B85-23;Central Europe;Alps;Switzerland;Glacier d' Orny;water pocket;Glacier outburst flood;Internal glacier lake;;hydraulic barrier;2569972,75;1093924,75;Torrent d'Orny;1920-07-04;;;;;;;;;;;;;;;destroyed a road and the forest Frumion;;The advance of the glacier against the frontal moraine formed a natural dam for the glacial water within the the tongue. The observers reported 6 outburst in 30 min,;1921;Mercanton, P. L. (1921). Les variations périodiques des glaciers des Alpes Suisses. n° 41, p157, Jahrbuch des S.A.C. / Annuaire du C.A.S., Staempfli Berne. CITED IN VAW (2003). Inventar gefährlicher Gletscher in der Schweiz (Tech. Rep. No. Mitteilung 182): ETH Zürich, Versuchsanstalt für Wasserbau.
B85-23;Central Europe;Alps;Switzerland;Glacier d' Orny;water pocket;;;;unknown;2569972,75;1093924,75;Torrent d'Orny;1928-08-03;;;;;;;;;;;;;;;unknown or not specified;;Similar than 1920 accodring to J.L Mercanton;1929;Mercanton, P. L. (1929). Les variations périodiques des glaciers des Alpes Suisses. N°49, p194. Jahrbuch des S.A.C. / Annuaire du C.A.S., Staempfli Berne.
B85-07;Central Europe;Alps;Switzerland;Glacier de l' A Neuve;water pocket;;;;unknown;2569867,75;1086603,00;Reuse de l'A Neuve;1898-06-22;;;;;;;;;;;;;;;major damage in the forest of l’Ancône;;;1898;"Forel et al. (1899) & Vivian, R. (2001). Des glacières du Faucigny aux glaciers du Mont-Blanc. La Fontaine de Siloé. CITED IN VAW (2003). Inventar gefährlicher Gletscher in der Schweiz (Tech. Rep. No. Mitteilung 182): ETH Zürich, Versuchsanstalt für Wasserbau.; Brun, A. (1898). Archives des Sciences phys. et nat. de Genève, VI. CITED IN Lütschg, I. O. (1915). Der Märjelensee und seine Abflussverhältnisse: eine hydrologische Studie unter Mitberücksichtigung hydrographischer Erscheinungen in anderen Flussgebieten: Annalen der Schweizer. Landeshydrographie, Vol. 1. Sekretariat des Schweizerischen Landeshydrographie in Bern."
B84-20;Central Europe;Alps;Switzerland;Glacier de Pro;water pocket;;;Murgang;unknown;2584130,75;1082617,75;Perche;2012-09-09;;;;;;;;;;;;;;;;;a probable rupture d’une poche sous/intra-glaciaire (glacier de Pro) a libéré une importante quantité d’eau. Ceci a déclenché une lave torrentielle qui atteint la galerie de la route du Grand-St-Bernard;2022;Sarah Lanz 2022: Zusammenstellung und raumzeitliche Analyse von glazialen Wassertaschenausbrüchen in den Schweizer Alpen
B85-16;Central Europe;Alps;Switzerland;Glacier de Saleinaz;water pocket;Glacier outburst flood;Internal glacier lake;;unknown;2569134,25;1090914,00;Reuse de Saleinaz;1834-06-26;;;;;;;;;;;;;;;"flooding in Revers (residental area)
Material damage & Settlements ";;Ausbruch einer Wassertasche mit darauffolgenden grossen Überschwemmungen in Revers.;1983;Berthod, R. (1983). Orsières ma commune. Administration communale d'Orsières, 1937 Orsières. 2Ème édition revue et corrigée, 1988. CITED IN VAW (2003). Inventar gefährlicher Gletscher in der Schweiz (Tech. Rep. No. Mitteilung 182): ETH Zürich, Versuchsanstalt für Wasserbau.
B85-16;Central Europe;Alps;Switzerland;Glacier de Saleinaz;water pocket;Glacier outburst flood;Internal glacier lake;;unknown;2569134,25;1090914,00;Reuse de Saleinaz;1969-07-16;;1969-07-17;;;;;;;;;;;;;no damage;;Aufgrund der Entleerung einer Wassertasche ereignete sich Mitte Juli 1969 ein Gletscherhochwasser, das an der orographisch rechten Gletscherseite ausbrach.  Diese entstand durch die starke Aufwölbung der Gletscherzunge während des Gletschervorstosses. Dank der rechtzeitigen Warnung und der Einleitung von Sanierungsmassnahmen konnten Einrichtungen der Kraftwerke Emosson SA geschützt werden. ;2003;"Röthlisberger, H. (pers. comm.) & VAW (1969). Gutachten über die Sicherheit der Baustelle Saleina in Bezug auf Gletscher. lm Auftrag der Motor-Columbus AG für elektische Unternehmungen (unpublished) CITED IN VAW (2003). Inventar gefährlicher Gletscher in der Schweiz (Tech. Rep. No. Mitteilung 182): ETH Zürich, Versuchsanstalt für Wasserbau.
"
B73-16;Central Europe;Alps;Switzerland;Glacier de Tsijiore Nouve;water pocket;Glacier outburst flood;Internal glacier lake;;unknown;2600817,50;1094012,13;La Borgne d'Arolla;1981-06-16;;1981-06-19;;;;;183 000,00;;;unknown;;;;;unknown or not specified;;Eine Wassertasche von 183000 m³ führte rund 2000 m³ (5500 t) Schutt mit.;1988;Gurnell, A. M., Warburton, J., & Clark, M. J. (1988). A Comparison of the Sediment Transport and Yield Characteristics of Two Adjacent Glacier Basins, Val d' Herens, Switzerland. IN: Sediment Budgets. IAHS Publication, (174). CITED IN VAW (2003). Inventar gefährlicher Gletscher in der Schweiz (Tech. Rep. No. Mitteilung 182): ETH Zürich, Versuchsanstalt für Wasserbau.
B73-16;Central Europe;Alps;Switzerland;Glacier de Tsijiore Nouve;water pocket;Glacier outburst flood;Internal glacier lake;;unknown;2600817,50;1094012,13;La Borgne d'Arolla;1986-09-18;;;;;;;;;;;;;;;no damage;;Kleiner Wassertaschenausbruch ohne Schadenkonsequenz.;2003;Röthlisberger, H. (pers. comm.) CITED IN VAW (2003). Inventar gefährlicher Gletscher in der Schweiz (Tech. Rep. No. Mitteilung 182): ETH Zürich, Versuchsanstalt für Wasserbau.
B63-05;Central Europe;Alps;Switzerland;Glacier de Zinal;water pocket;;;;unknown;2614826,00;1101934,75;Navizance;1834-08-27;;;;;;;;;;;;;;;"major damage in Val d'Anniviers; destroyed bridges, mills & barns, caused flooding in Chippis";;;1984;Nouvelliste et Feuille d'Avis du Yalais (1984-10-11) CITED IN VAW (2003). Inventar gefährlicher Gletscher in der Schweiz (Tech. Rep. No. Mitteilung 182): ETH Zürich, Versuchsanstalt für Wasserbau.
B90-04;Central Europe;Alps;Switzerland;Glacier des Grands ;water pocket;Glacier outburst flood;Internal glacier lake;;unknown;2565897,75;1094789,00;Trient;1930-08-24;;;;;;;;;;;;;;;unknown or not specified;;Ein Wassertaschenausbruch vom Glacier des Grands dauerte 15 Stunden, riss eine Bresche ins Moränenmaterial und löste einen Murgang aus.;1931;Mercanton, P. L. (1931). Les variations périodiques des gllaciers des Alpes Suisses. Les Alpes l Die Alpen. Staempfli Berne. CITED IN VAW (2003). Inventar gefährlicher Gletscher in der Schweiz (Tech. Rep. No. Mitteilung 182): ETH Zürich, Versuchsanstalt für Wasserbau.
B85-04;Central Europe;Alps;Switzerland;Glacier du Dolent;water pocket;;Internal glacier lake;Murgang;unknown;2571000,00;1085000,00;Dranse de Ferret;1898-06-22;;;;;;;;;;;;;;;No damages;;;2003;VAW (2003). Inventar gefährlicher Gletscher in der Schweiz (Tech. Rep. No. Mitteilung 182): ETH Zürich, Versuchsanstalt für Wasserbau.
B85-04;Central Europe;Alps;Switzerland;Glacier du Dolent;water pocket;;Internal glacier lake;Murgang;unknown;2571000,00;1085000,00;Dranse de Ferret;1990-07-10;;;;;;;30 000,00;;;;;;;;A Chalet was damaged;;;2018;Geiformer Bericht: Gefährliche Gletscher Wallis / Beobachtungen und Kategorisierungen 2018
B82-44;Central Europe;Alps;Switzerland;Glacier du Tournelon Blanc;water pocket;Glacier outburst flood;Internal glacier lake;;unknown;2591035,00;1091147,00;Lac de Mauvoisin;2000-06-20;;;;;;;;;;;;;;;material damage & infrastructure --> street;;Ausbruch einer Wassertasche. Die Ausbruchsmasse (Eis und Wasser) erreichte knapp die Strasse nach Chanrion.;2003;Bauder, A. (pers. Comm.) CITED IN VAW (2003). Inventar gefährlicher Gletscher in der Schweiz (Tech. Rep. No. Mitteilung 182): ETH Zürich, Versuchsanstalt für Wasserbau.
B82-44;Central Europe;Alps;Switzerland;Glacier du Tournelon Blanc;water pocket;Glacier outburst flood;;;unknown;2591002,00;1091400,50;Lac de Mauvoisin;2022-08-27;;;;;;;;;;;;;;;Blocked Street;;;2022;Canton of Wallis Rapport_evenement_Val de Bagnes_2022-27-08
B90-02;Central Europe;Alps;Switzerland;Glacier du Trient;water pocket;Glacier outburst flood;Internal glacier lake;;unknown;2568192,25;1094900,13;Trient;1961;;;;;;;;;;;;;;;;;Es ereignete sich ein grösserer Wassertaschenausbruch.;1983;"Haeberli, W. (1983) Frequency and characteristics of glacier floods in the Swiss Alps.
VAW (2003). Inventar gefährlicher Gletscher in der Schweiz (Tech. Rep. No. Mitteilung 182): ETH Zürich, Versuchsanstalt für Wasserbau."
B90-02;Central Europe;Alps;Switzerland;Glacier du Trient;water pocket;Glacier outburst flood;Internal glacier lake;;unknown;2568192,25;1094900,13;Trient;1967;;;;;;;;;;;;;;;unknown or not specified;;Es ereignete sich ein grösserer Wassertaschenausbruch.;1983;"Haeberli, W. (1983) Frequency and characteristics of glacier floods in the Swiss Alps.
VAW (2003). Inventar gefährlicher Gletscher in der Schweiz (Tech. Rep. No. Mitteilung 182): ETH Zürich, Versuchsanstalt für Wasserbau."
B90-02;Central Europe;Alps;Switzerland;Glacier du Trient;water pocket;Glacier outburst flood;Internal glacier lake;;unknown;2568192,25;1094900,13;Trient;1971;;;;;;;;;;;;;;;unknown or not specified;;Es ereignete sich ein grösserer Wassertaschenausbruch.;1983;"Haeberli, W. (1983) Frequency and characteristics of glacier floods in the Swiss Alps.
VAW (2003). Inventar gefährlicher Gletscher in der Schweiz (Tech. Rep. No. Mitteilung 182): ETH Zürich, Versuchsanstalt für Wasserbau."
B90-02;Central Europe;Alps;Switzerland;Glacier du Trient;water pocket;Glacier outburst flood;Internal glacier lake;;unknown;2568192,25;1094900,13;Trient;1911-07-17;;;;;;;;;;;;;;;unknown or not specified;;Ein Wassertaschenausbruch liess den Gletscherabfluss während ca. 48 Stunden um das Doppelte ansteigen.;1912;Forei, F. A., Muret, E., and Mercanton, P. L. (1912). Les variations périodiques des glaciers des Alpes. Jahrbuch des S.A.C. l Annuaire du C.A.S., Staempfli Beme. & Vivian, R. (2001). Des glacières du Faucigny aux glaciers du Mont-Blanc. La Fontaine de Siloé. CITED IN VAW (2003). Inventar gefährlicher Gletscher in der Schweiz (Tech. Rep. No. Mitteilung 182): ETH Zürich, Versuchsanstalt für Wasserbau.
B90-02;Central Europe;Alps;Switzerland;Glacier du Trient;water pocket;Glacier outburst flood;Internal glacier lake;;unknown;2568192,25;1094900,13;Trient;1918-08-02;;;;;;;;;;;;;;;unknown or not specified;;Es ereignete sich ein starker Wassertaschenausbruch im Zeitraum von ca. 48 Stunden (La Tine).;1919;Mercanton, P. L. (1919). Les variations périodiques des glaciers des Alpes Suisses. Jahrbuch des S.A.C. / Annuaire du C.A.S., Staempfli Berne. CITED IN VAW (2003). Inventar gefährlicher Gletscher in der Schweiz (Tech. Rep. No. Mitteilung 182): ETH Zürich, Versuchsanstalt für Wasserbau.
B90-02;Central Europe;Alps;Switzerland;Glacier du Trient;water pocket;Glacier outburst flood;Internal glacier lake;;unknown;2568192,25;1094900,13;Trient;1921-07-20;;;;;;;;;;;;;;;unknown or not specified;;Es ereignete sich ein Wassertaschenausbruch im Zeitraum von ca. 36 Stunden.;1922;Mercanton, P. L. (1922). Les variations périodiques des glaciers des Alpes Suisses. Jahrbuch des S.A.C. / Annuaire du C.A.S., Staempfli Berne. & Vivian, R. (2001). Des glacières du Faucigny aux glaciers du Mont-Blanc. La Fontaine de Siloé. CITED IN VAW (2003). Inventar gefährlicher Gletscher in der Schweiz (Tech. Rep. No. Mitteilung 182): ETH Zürich, Versuchsanstalt für Wasserbau.
B90-02;Central Europe;Alps;Switzerland;Glacier du Trient;water pocket;Glacier outburst flood;Internal glacier lake;;unknown;2568192,25;1094900,13;Trient;1930-06-20;;1930-07-25;;;;;;;;;;;;;unknown or not specified;;Es ereignete sich ein grösserer Wassertaschenausbruch.;1931;Mercanton, P. L. (1931). Les variations périodiques des gllaciers des Alpes Suisses. Les Alpes l Die Alpen. Staempfli Berne. CITED IN VAW (2003). Inventar gefährlicher Gletscher in der Schweiz (Tech. Rep. No. Mitteilung 182): ETH Zürich, Versuchsanstalt für Wasserbau.
B90-02;Central Europe;Alps;Switzerland;Glacier du Trient;water pocket;Glacier outburst flood;Internal glacier lake;;unknown;2568192,25;1094900,13;Trient;1933-07-18;;1933-07-19;;;;;;;;;;;;;unknown or not specified;;Es ereignete sich ein grösserer Wassertaschenausbruch.;1934;Mercanton, P. L. (1934). Les variations périodiques des gllaciers des Alpes Suisses. Les Alpes l Die Alpen. Staempfli Berne. CITED IN VAW (2003). Inventar gefährlicher Gletscher in der Schweiz (Tech. Rep. No. Mitteilung 182): ETH Zürich, Versuchsanstalt für Wasserbau.
B90-02;Central Europe;Alps;Switzerland;Glacier du Trient;water pocket;Glacier outburst flood;Internal glacier lake;;unknown;2568192,25;1094900,13;Trient;1942-07-06;;1942-07-08;840000,00;;;unknown;840 000,00;;;unknown;22,50;;;gaged – baseflow excluded;"damaged bridges and trees
touristic installation --> Ski lift, mountain cableway";;Ein grosser Wassertaschenausbruch an der orographisch rechten Gletscherseite richtete beträchtlichen Schaden an (Bäume, Brücken etc.). Der Hochwasserabfluss betrug ca. 26 m³/s (Normalabfluss von ca. 3.5 m³/s). Die Wassertasche hatte ein Gesamtvolumen von ca. 840000 m³.;1943;"Haeberli, W. (1983). Frequency and characteristics of glacier floods in the Swiss Alps. Annals of Glaciology, 4, 85-90.; Mercanton, P. L. (1943). Les variations périodiques des gllaciers des Alpes Suisses. Les Alpes 1924/25 - 1984/49l Die Alpen. Staempfli Berne. & Vivian, R. (2001). Des glacières du Faucigny aux glaciers du Mont-Blanc. La Fontaine de Siloé. CITED IN VAW (2003). Inventar gefährlicher Gletscher in der Schweiz (Tech. Rep. No. Mitteilung 182): ETH Zürich, Versuchsanstalt für Wasserbau.
"
B90-02;Central Europe;Alps;Switzerland;Glacier du Trient;water pocket;Glacier outburst flood;Internal glacier lake;;unknown;2568192,25;1094900,13;Trient;1943-07-31;;;;;;;850 000,00;;;;;;;;an Brücken und Strassen;;"comme en 1942 , la crue semble due simultanément à la rupture de poche glacières,à la fonte des glaciers et à un violent orage centré sur le col de Balme ( grèle) mat 850000 m3), dégats au village de Trient
";;SBB,CFF pont sur le Trient etude hydrolique Rap tech
B90-02;Central Europe;Alps;Switzerland;Glacier du Trient;water pocket;Glacier outburst flood;Internal glacier lake;;unknown;2568192,25;1094900,13;Trient;1960-08-05;;1960-08-06;840000,00;;;;;;;;25,00;;;unknown;some bridges and road parts washed away;;Ein 48-stündiger  Wassertaschenausbruch führte zu einem Hochwasserabfluss von 25 m³/sec. Bei diesem Ereignis wurden verschiedene Brücken und Strassenabschnitte weggespült.;1961;Renaud, A. (1961). Les variations des glaciers Suisses. Les Alpes l Die Alpen. Staempfli Berne. & Vivian, R. (2001). Des glacières du Faucigny aux glaciers du Mont-Blanc. La Fontaine de Siloé. CITED IN VAW (2003). Inventar gefährlicher Gletscher in der Schweiz (Tech. Rep. No. Mitteilung 182): ETH Zürich, Versuchsanstalt für Wasserbau.
B45-04;Central Europe;Alps;Switzerland;Griesgletscher;water pocket;Glacier outburst flood;;;temporary blockage of subglacial channel;2670267,40;1144711,60;Agene;2023-07-31;;;;;;;;;;;;;;;No impacts;;The water pocket is likely due to a temporary blockage of the subglacial channel (no precipitations). Leo H. and Lilian T. were retrieving a temperature sensor in the proglacial stream when they heard a big sound due to the ice blocks flowing down in one affluent of the main proglacial stream. The discharge doubled in few minutes The piece of collapsed ice were well visible in the stream.;2023;Leo Hösli, personnal comunication
B55-04;Central Europe;Alps;Switzerland;Hohberggletscher (Hobärggletscher);water pocket;Glacier outburst flood;Internal glacier lake;Hochwasser;unknown;2631433,50;1106377,75;Birchbach;1898-08-21;;;;;;;;;;;;;;;"2.5 m thick deposits at two sections of the BVZ railroad
material & infrastructure damage";;"Als Folge eines Wassertaschenausbruchs löste sich ein Murgang. Dabei wurde das Lockermaterial bis auf den anstehenden Fels ausgeräumt. Der Murgang entleerte sich in den Birchbach und übersarte die BVZ Bahnlinie an zwei Stellen mit 2.5 m mächtigen Schuttablagerungen. Das Vordringen dieses Ereignisses wurde selbst in 20 km Entfernung noch bemerkt.
";"1898
1983";"Forel et al. (1899) CITED IN VAW (2003). Inventar gefährlicher Gletscher in der Schweiz (Tech. Rep. No. Mitteilung 182): ETH Zürich, Versuchsanstalt für Wasserbau.; Forel, F. A., Lugeon, M. & Muret, E. (1898). Jahrbuch S. A. C. XXXIV, report n.19. CITED IN Lütschg, I. O. (1915). Der Märjelensee und seine Abflussverhältnisse: eine hydrologische Studie unter Mitberücksichtigung hydrographischer Erscheinungen in anderen Flussgebieten: Annalen der Schweizer. Landeshydrographie, Vol. 1. Sekretariat des Schweizerischen Landeshydrographie in Bern.
Haeberli, W. (1983). Frequency and characteristics of glacier floods in the Swiss Alps. Annals of Glaciology, 4, 85-90."
B55-04;Central Europe;Alps;Switzerland;Hohberggletscher (Hobärggletscher);water pocket;Glacier outburst flood;Internal glacier lake;Murgang;unknown;2631433,50;1106377,75;Birchbach;1926-09-10;;;;;;;;;;;;;;;"destroyed a 30 m long section of the BVZ railroad
material damage (infrastructure)";;Eine Wassertasche entleerte sich in den Birchbach und zerstörte die Bahngleise der BVZ auf 30 m Länge.;"1927
1983";"Mercanton , P. L. (1927). Les variations périodiques des gllaciers des Alpes Suisses. Les Alpes l Die Alpen. Staempfli Berne. CITED IN VAW (2003). Inventar gefährlicher Gletscher in der Schweiz (Tech. Rep. No. Mitteilung 182): ETH Zürich, Versuchsanstalt für Wasserbau.Mercanton , P. L. (1927). Les variations périodiques des gllaciers des Alpes Suisses. Les Alpes l Die Alpen. Staempfli Berne. CITED IN VAW (2003). Inventar gefährlicher Gletscher in der Schweiz (Tech. Rep. No. Mitteilung 182): ETH Zürich, Versuchsanstalt für Wasserbau.
Haeberli, W. (1983). Frequency and characteristics of glacier floods in the Swiss Alps. Annals of Glaciology, 4, 85-90."
B55-04;Central Europe;Alps;Switzerland;Hohberggletscher (Hobärggletscher);water pocket;Glacier outburst flood;Internal glacier lake ;Murgang;unknown;2631433,50;1106377,75;Birchbach;1966-09-15;;;;;;;;;;;;;;;"debris covered parts of the BVZ railroad
Material & infrastructure damage";;Der Ausbruch einer Wassertasche im Hobärggletscher löst im Birchbach einenMurgang aus, welcher die BVZ-Linie übermurt;1983;"Haeberli, W. (1983). Frequency and characteristics of glacier floods in the Swiss Alps. Annals of Glaciology, 4, 85-90. 
VAW (2003). Inventar gefährlicher Gletscher in der Schweiz (Tech. Rep. No. Mitteilung 182): ETH Zürich, Versuchsanstalt für Wasserbau.
"
B55-04;Central Europe;Alps;Switzerland;Hohberggletscher (Hobärggletscher);water pocket;Glacier outburst flood;Internal glacier lake ;Murgang;unknown;2631433,50;1106377,75;Birchbach;1989-09;;Spätsommer;;;;;;;;;;;;;"debris covered parts of the kantons road
material & infrastructure damage";;"Ein Wassertaschenausbruch im Hobärggletscher löst im Birchbach einen Murgang aus,welcher die Kantonsstrasse vermurt.
";1983;"Haeberli, W. (1983) Frequency and characteristics of glacier floods in the Swiss Alps. 
VAW (2003). Inventar gefährlicher Gletscher in der Schweiz (Tech. Rep. No. Mitteilung 182): ETH Zürich, Versuchsanstalt für Wasserbau."
B55-04;Central Europe;Alps;Switzerland;Hohberggletscher (Hobärggletscher);water pocket;;;Murgang;unknown;2631433,50;1106377,75;Birchbach;2001-07;;fin du mois;;;;;65 000,00;;;;;;;;Strasse durch Murgang verschüttet;;Infolge eines Wassertaschenausbruches im Hobärggletscher ein Murgang im Birchbach, der den Durchlass der Kantonsstrasse St. Niklaus – Täsch verstopfte und die Strasse verschüttete (geschätzte Ablagerungskubatur auf dem Kegel;;HYD54
B55-04;Central Europe;Alps;Switzerland;Hohberggletscher (Hobärggletscher);water pocket;;;Murgang;unknown;2631433,50;1106377,75;Birchbach;2008-09-03;;;;;;;;;;;;;;;;;Aerial observations (and pictures) show the flood wave coming out from the orgraphic left side of the glacier, directly from a subglacial channel.;;Canton Wallis
A54m-13;Central Europe;Alps;Switzerland;Hubelgletscher (Lauterbrunnen);water pocket;;;;temporary blockage of subglacial channel;2637109,25;1151415,63;Rote Bach ;2004-08-04;;;2094,00;;;;21 500,00;;;;15,00;;;10min-gaged - baseflow excluded;Zerstörung von Wanderweg und Forststrasse;;Murgang ausgelöst ;2004;"Gertsch, E. (2004): Ereignisdokumentation Roten Bach. 
VAW(2011): Bericht Hubelgletscher. "
B55-09;Central Europe;Alps;Switzerland;Kingletscher;water pocket;;;;unknown;2631170,50;1103807,38;Matter Vispa;1978-08-28;;;;;;;90 000,00;80000,00;100000,00;unknown;2,50;2,00;3,00;unknown;"BVZ railroad between Tesch and Randa impacted by debris; flood volume estimated between 0.08 and 0.09 mil cubic meters";;;1986;Kasser, P., Aellen, M., and Siegenthaler, S. (1986). Die Gletscher der Schweizer Alpen. Jahrbuch 99/100, Gletscherkommission der Schweizer Akademie der Naturwissenschaften l SANW, Versuchsanstalt für Wasserbau, Hydrologie und Glaziologie der ETH Zürich. CITED IN VAW (2003). Inventar gefährlicher Gletscher in der Schweiz (Tech. Rep. No. Mitteilung 182): ETH Zürich, Versuchsanstalt für Wasserbau.
A54l-19;Central Europe;Alps;Switzerland;Lower Grindelwald Glacier;water pocket;;;;unknown;2647860,50;1159227,88;Weisse Lütschine;1842;;Sommer;;;;;;;;;;;;;major damage;;in summer;1980;Zumbühl, H. (1980). Die Schwankungen der Grindelwaldgletscher in den historischen Bild- und Schriftquellen des 12. bis 19. Jahrhunderts. Denkschriften der Schweizerischen Naturforschenden Gesellschaft, 92. 279 p.+ Supplementary. CITED IN VAW (2003). Inventar gefährlicher Gletscher in der Schweiz (Tech. Rep. No. Mitteilung 182): ETH Zürich, Versuchsanstalt für Wasserbau.
A54l-19;Central Europe;Alps;Switzerland;Lower Grindelwald Glacier;water pocket;;;;unknown;2647860,50;1159227,88;Weisse Lütschine;1776;;;;;;;;;;;;;;;major damage;;;1983;Haeberli, W. (1983). Frequency and characteristics of glacier floods in the Swiss Alps. Annals of Glaciology, 4, 85-90.Haeberli, W. (1983). Frequency and characteristics of glacier floods in the Swiss Alps. Annals of Glaciology, 4, 85-90.Haeberli, W. (1983). Frequency and characteristics of glacier floods in the Swiss Alps. Annals of Glaciology, 4, 85-90.
A54l-19;Central Europe;Alps;Switzerland;Lower Grindelwald Glacier;water pocket;;;;unknown;2647860,50;1159227,88;Weisse Lütschine;1951-07-02;;;;;;;135000,00;;;unknown;74,60;;;unknown;"5 m high flood wave caused considerable damage; washed away 2 bridges, flooded the railway station";;;1951;"Haeberli, W. (1983). Frequency and characteristics of glacier floods in the Swiss Alps. Annals of Glaciology, 4, 85-90.; Neue Berner Zeitung (1951-07-08) & Mercanton, P. L. & Renaud, A. (1952). Les variations périodiques des glaciers des Alpes. Les Alpes / Die Alpen, Staempfli Berne. & Kienholz, H. (1977). Kombinierte geomorphologische Gefahrenkarte 1: 10 000 von Grindelwald. Catena, 3(3-4), 265-294. & Haeberli, W. (1980). Morphodynamische Aspekte aktueller Gletscherhochwasser in den Schweizer Alpen. Regio basiliensis, 21(3), 58-78. CITED IN VAW (2003). Inventar gefährlicher Gletscher in der Schweiz (Tech. Rep. No. Mitteilung 182): ETH Zürich, Versuchsanstalt für Wasserbau."
B51-14;Central Europe;Alps;Switzerland;Mälligagletscher;water pocket;;;Hochwasser;unknown;2643239,25;1108357,13;Triftbach;2011;;;;;;;;;;;;;;;;;Durch Toteis kam es zu einem Wassertaschenausbruch am Mälligagletscher;;Sarah Lanz 2022: Zusammenstellung und raumzeitliche Analyse von glazialen Wassertaschenausbrüchen in den Schweizer Alpen
B55-18;Central Europe;Alps;Switzerland;Mellichgletscher;water pocket;Glacier outburst flood, Lenght change;Internal glacier lake, Glacier advance;;water-filled crevasse;2633870,25;1098315,50;Mellichbach ;1920;;;;;;;;;;;;;;;no damage reported;;Ausbruch einer Wassertasche. Das Ereignis steht im Zusammenhang mit einem starken Vorstoss des Gletschers. An der Front war die Bewegung langsamer und Spannungsrisse führten zur Bildung und Entleerung der Wassertasche. Keine Schadenmeldung.;1920;"Mercanton, P.L. (1916-1924) Les variations périodiques des glaciers des Alpes 1913/24 - 1923/34.
UZH [Universität Zürich]"
B41-07;Central Europe;Alps;Switzerland;Minstigergletscher;water pocket;Length change, Glacier outburst flood;Glacier retreat, Internal glacier lake;;unknown;2659042,25;1151603,50;Minstigerbach;1987-08-23;;;;;;;;;;;;;;;"1 bridge washed away; combination with high precipitation caused a debris flow; deposits covered parts of the Furka-Oberalp railroad
material, settlement & tourists installations damages --> residential area, ski lift / mountain cableway";30000,00;Auslösung eines grossen Murgangs aus einem Felscouloir im Vorfeld des Minstigergletschers. Unmittelbar nach diesem Ereignis wechselte der Abfluss die Gletscherseite. Die temporäre Verlegung des subglazialen Abflusssystems, möglicherweise kombiniert mit einer kurzfristigen Stauung und anschliessendem Wasserausbruch, löste diesen Murgang aus. Für den Ausbruch einer Wassertasche spricht der Umstand, dass ein erster Schwall des Hochwassers bereits eine Brücke wegriss. Erst später stieg der Wasserpegel als Folge intensiver Niederschläge zu kritischer Höhe an. Schliesslich führte der Bach übermässig Geschiebe und trat über die Ufer. Aufgrund des Gletscherrückzugs wurde die Anrissstelle für die Erosion freigelegt und damit das Murgangereignis ermöglicht. Der Murgang verklauste bei der Eisenbahnbrücke der Furka-Oberalp Bahnline (FO) das Gerinne und übersarte das Dorf Münster sowie eine Flache von ca. 30000 m².;1992;"VAW (1992). Murgänge 1987. Bericht im Auftrag des Bundesamtes für Wasserwirtschaft (unpublished). CITED IN VAW (2003). Inventar gefährlicher Gletscher in der Schweiz (Tech. Rep. No. Mitteilung 182): ETH Zürich, Versuchsanstalt für Wasserbau.
VAW"
B41-07;Central Europe;Alps;Switzerland;Minstigergletscher;water pocket;;;;unknown;2659042,25;1151603,50;Minstigerbach;1987-08-24;;;;;;;;;;;;;;;Kulturschäden;;Münster: Kulturschäden (Boden, der überschwemmt, übersart oder wegeschwemmt wurde) beliefen sich im Gebiet der Gemeinde Münster auf insgesamt 1'229'000 Fr.   Anmerkung: Kulturschäden im Minstigertal wurden separat ausgeschieden. Andere Schäden ?;;VAW (2003). Inventar gefährlicher Gletscher in der Schweiz (Tech. Rep. No. Mitteilung 182): ETH Zürich, Versuchsanstalt für Wasserbau.
B41-07;Central Europe;Alps;Switzerland;Minstigergletscher;water pocket;;;Hochwasser;hydraulic barrier;2659042,25;1151603,50;Minstigerbach;2008-08-21;;;15000,00;;;;55 000,00;;;;;;;;;;"Infolge eines Wassertaschenausbruchs hat sich am 21. August 2008 gegen 14.50 Uhr bei schönem Wetter ein Murgang ereignet.
Rupture d’une poche d’eau au Minstigergletscher (volume d’eau estimé à 15’000m3) > lave torrentielle sur le Münstigerbach par beau temps (volume total de 60’000m3) > débordements et importants dépôts dans le village de Münster. Il me semble que la poche était de nature paraglaciaire, c.à.d que le lac se trouvait entre le glacier et la moraine latérale. L’événement est largement documenté par les médias mais aussi dans un rapport d’événement technique. Norbert Carlen était sur site à l’époque et notre Service dispose aussi de plusieurs photos.";2020;Martin Funk (personal communication with pictures) + report from canton wallis
B17-04;Central Europe;Alps;Switzerland;Petit Plan névé (VD);water pocket;;;;unknown;2576885,00;1121128,63;L'Avancon de Nant;1983;;repeatedly until 1983;;;;;;;;;;;;;;;im Kanton VD;1983;Haeberli, W. (1983). Frequency and characteristics of glacier floods in the Swiss Alps. Annals of Glaciology, 4, 85-90.
B93-06;Central Europe;Alps;Switzerland;Plan nevé (VS);water pocket;;;;unknown;2561430,50;1112988,13;Torrent de Saint-Barthélemy;1926-09-21;;;;;;;20 000,00;;;;;;;;A bridge, a  waterpipe and many trees were damaged;;im Kanton VS;1983;Stockalper Database (Martin Procksch, Canton of Wallis).  Haeberli, W. (1983). Frequency and characteristics of glacier floods in the Swiss Alps. Annals of Glaciology, 4, 85-90.    - Repetitive outburst until 1950
B43-03;Central Europe;Alps;Switzerland;Rhonegletscher;water pocket;;;;temporary blockage of subglacial channel;2673481,50;1164081,50;Rotten;1900;;;;;;;;;;;;;;;;;;1901;Forel, F. A. (1901). Les variations périodiques des gllaciers des Alpes Suisses 1900, 21ème rapport.
B43-03;Central Europe;Alps;Switzerland;Rhonegletscher;water pocket;;;;unknown;2673481,50;1164081,50;Rotten;1934-07-17;;;;;;;;;;;;;;;2 persons killed, one badly injured;;;1935;VAW (2003). Inventar gefährlicher Gletscher in der Schweiz (Tech. Rep. No. Mitteilung 182): ETH Zürich, Versuchsanstalt für Wasserbau.
B43-03;Central Europe;Alps;Switzerland;Rhonegletscher;water pocket;;;;temporary blockage of subglacial channel;2673481,50;1164081,50;Rotten;1947-08-09;;;;;;;;;;;;;;;;;;1948;VAW (2003). Inventar gefährlicher Gletscher in der Schweiz (Tech. Rep. No. Mitteilung 182): ETH Zürich, Versuchsanstalt für Wasserbau.
A54m-12;Central Europe;Alps;Switzerland;Rottalgletscher (BE);water pocket;Glacier outburst flood;Internal glacier lake;;unknown;2639059,25;1152427,75;Rottalbach;1967;;;;;;;;;;;;;;;no damage;;Wassertaschenausbruch ohne Schadenwirkung.;1980;Haeberli, W. (1980). Morphodynamische Aspekte aktueller Gletscherhochwasser in den Schweizer Alpen. Regio basiliensis, 21(3), 58-78. CITED IN VAW (2003). Inventar gefährlicher Gletscher in der Schweiz (Tech. Rep. No. Mitteilung 182): ETH Zürich, Versuchsanstalt für Wasserbau.
A54m-12;Central Europe;Alps;Switzerland;Rottalgletscher (BE);water pocket;Glacier outburst flood;Internal glacier lake;;unknown;2639059,25;1152427,75;Rottalbach;1939-08-07;;;;;;;;;;;;;;;no damage;;Eisabbruch von 150 m Länge und 80 m Breite. Die Eis- und Schuttablagerungen erreichten durchgehend zwei Meter Höhe. Anschliessend stellte sich vom Gletscher her ein starker Wasserfluss ein (= Wassertaschenausbruch?), der sich einen tiefen Weg bahnte und die Lütschine gelb färbte.;1950;"Michel (1950) CITED IN VAW (2003). Inventar gefährlicher Gletscher in der Schweiz (Tech. Rep. No. Mitteilung 182): ETH Zürich, Versuchsanstalt für Wasserbau.
Michel, H. (1979) Buch der Talschaft Lauterbrunnen 1240-1249"
A54m-12;Central Europe;Alps;Switzerland;Rottalgletscher (BE);water pocket;;;;unknown;2639059,25;1152427,75;Rottalbach;1971-09;;;;;;;;;;;;;;;"flood; caused blockage of the power stations in Mattmark; streambed had to be corrected after the flood";;;1980;Haeberli, W. (1980). Morphodynamische Aspekte aktueller Gletscherhochwasser in den Schweizer Alpen. Regio basiliensis, 21(3), 58-78. CITED IN VAW (2003). Inventar gefährlicher Gletscher in der Schweiz (Tech. Rep. No. Mitteilung 182): ETH Zürich, Versuchsanstalt für Wasserbau.
A54m-12;Central Europe;Alps;Switzerland;Rottalgletscher (BE);water pocket;;;;unknown;2639059,25;1152427,75;Rottalbach;2014-07-31;;;;;;;1 500 000,00;1200000,00;180000,00;unknown;;;;;"10.000 m³ sediment deposited in the Lütschine river; deposits have been removed to prevent flooding; flood volume reported to range between 1.2-1,8 mil cubic metres";;;2017;Glaciological Report No. 135/136 (2017) [https://doi.glamos.ch/pubs/glrep/glrep_135-136.pdf]
B51-13;Central Europe;Alps;Switzerland;Triftgletscher (VS);water pocket;Glacier outburst flood;Internal glacier lake;Hochwasser;unknown;2643240,75;1109229,88;Triftbach;1699;;;;;;;;;;;;;;;"flood damage in Tamatten
Material damage --> arable/agriculture land
";;Der Ausbruch eines Gletschersees oder einer Wassertasche im Triftgletschergebiet verursachte Flurschaden in Tamatten.;1926;"Lütschg, O. (1926). Über Niederschlag und Abfluß im Hochgebirge, Sonderdarstellung des Mattmarkgebietes. Verbandsschrift Nr. 14, Schweizerischer Wasserwirtschaftsverband - Veröffentlichung der Hydrologischen Abteilung der Schweizerischen Meteorologischen Zentralanstalt in Zürich. & Ruppen, P. J., Imseng, G., & Imseng, W. (1979). Saaser Chronik, 1200-1979. Verkehrsverein Saas-Fee, Mengis Druck und Verlag. CITED IN VAW (2003). Inventar gefährlicher Gletscher in der Schweiz (Tech. Rep. No. Mitteilung 182): ETH Zürich, Versuchsanstalt für Wasserbau.
VAW (2003). Inventar gefährlicher Gletscher in der Schweiz (Tech. Rep. No. Mitteilung 182): ETH Zürich, Versuchsanstalt für Wasserbau."
B51-13;Central Europe;Alps;Switzerland;Triftgletscher (VS);water pocket;;;;unknown;2643240,75;1109229,88;Triftbach;1868-08-17;;;;;;;;;;;;;;;damaged villages, streets and bridges in Tamatten;;;unknown;VAW (2003). Inventar gefährlicher Gletscher in der Schweiz (Tech. Rep. No. Mitteilung 182): ETH Zürich, Versuchsanstalt für Wasserbau.
B57-16;Central Europe;Alps;Switzerland;Triftgletscher (Zermatt VS);water pocket;;;;unknown;2619376,75;1099930,00;Triftbach;2019-07-24;;;;;;;;;;;;;;;;;"Hochwasser
Rupture d’une poche d’eau intraglaciaire au Triftgletscher par beau temps > débordement du Triftbach à Zermatt. Nous avons un rapport d’événement détaillé. La poche d’eau était vraisemblablement intra- ou sous-glaciaire.
Zermatt";2019;GeoPLAN AG (2019): Aufarbeitung Hochwasserereignisse am Triftbach.
B57-16;Central Europe;Alps;Switzerland;Triftgletscher (Zermatt VS);water pocket;;;;unknown;2619376,75;1099930,00;Triftbach;2019-07-26;;;;;;;;;;;;;;;;;Rupture d’une poche d’eau intraglaciaire au Triftgletscher suite à des intempéries > débordement du Triftbach à Zermatt. Nous avons un rapport d’événement détaillé.;2019;GeoPLAN AG (2019): Aufarbeitung Hochwasserereignisse am Triftbach.
B32-05;Central Europe;Alps;Switzerland;Uistere Stampbachgletscher;water pocket;Glacier outburst flood;Internal glacier lake;;unknown;2631946,50;1139249,00;Stampbach;1928;;;;;;;;;;;;;;;damage between Eisten and Blatten;;Der Ausbruch einer Wassertasche beim Uistren Stampbachgletscher bildete einen Murgang. Der Lauf der Lonza wurde verändert und es entstanden Verwüstungen zwischen Eisten und Blatten.;1980;"Haeberli, W. (1980) Morphodynamische Aspekte aktueller Gletscherhochwasser in den Schweizer Alpen. ;Bieri, D. (1996) Abschätzung von Gletschergefahren im Raum Grindelwald - Lauterbrunnen - Lötschental. ;Haeberli, W. (1983) Frequency and characteristics of glacier floods in the Swiss Alps.
VAW (2003). Inventar gefährlicher Gletscher in der Schweiz (Tech. Rep. No. Mitteilung 182): ETH Zürich, Versuchsanstalt für Wasserbau."
B32-05;Central Europe;Alps;Switzerland;Uistere Stampbachgletscher;water pocket;Glacier outburst flood;Internal glacier lake;;unknown;2631946,50;1139249,00;Stampbach;1945;;;;;;;;;;;;;;;unknown or not specified;;Wassertaschenausbruch.;1980;"Bieri, D. (1996) Abschätzung von Gletschergefahren im Raum Grindelwald - Lauterbrunnen - Lötschental. ;Haeberli, W. (1983) Frequency and characteristics of glacier floods in the Swiss Alps. ;Haeberli, W. (1980) Morphodynamische Aspekte aktueller Gletscherhochwasser in den Schweizer Alpen.
VAW (2003). Inventar gefährlicher Gletscher in der Schweiz (Tech. Rep. No. Mitteilung 182): ETH Zürich, Versuchsanstalt für Wasserbau."
B32-05;Central Europe;Alps;Switzerland;Uistere Stampbachgletscher;water pocket;Glacier outburst flood;Internal glacier lake;;unknown;2631946,50;1139249,00;Stampbach;1935;1930;1939;;;;;;;;;;;;;unknown or not specified;;various water pocket oubursts in the 1930th;1980;"Haeberli, W. (1980) Morphodynamische Aspekte aktueller Gletscherhochwasser in den Schweizer Alpen. ;Bieri, D. (1996) Abschätzung von Gletschergefahren im Raum Grindelwald - Lauterbrunnen - Lötschental. ;Haeberli, W. (1983) Frequency and characteristics of glacier floods in the Swiss Alps.
VAW (2003). Inventar gefährlicher Gletscher in der Schweiz (Tech. Rep. No. Mitteilung 182): ETH Zürich, Versuchsanstalt für Wasserbau."
B32-05;Central Europe;Alps;Switzerland;Uistere Stampbachgletscher;water pocket;;;;unknown;2631946,50;1139249,00;Stampbach;1945-08;;;;;;;;;;;;;;;;;;1983;Haeberli, W. (1983). Frequency and characteristics of glacier floods in the Swiss Alps. Annals of Glaciology, 4, 85-90.
B32-05;Central Europe;Alps;Switzerland;Uistere Stampbachgletscher;water pocket;Glacier outburst flood;Internal glacier lake;;unknown;2631946,50;1139249,00;Stampbach;1976-07-11;;;;;;;;;;;;;;;"flooding in Blatten (residential area)
maternal & settlements damage";;Eine Wassertasche entleerte sich mit flacher Abflussspitze (pulsierender Wasseranfall) und führte zur linienhaften Erosion im 30° steilen, schuttbedeckten Gletschervorfeld. Eisblöcke und Geschiebe verstopften das Durchlassrohr der Strasse zwischen Blatten und Gletscherstaffel und der Bach ergoss sich ins Dorf Blatten.;1983;"VAW (2003). Inventar gefährlicher Gletscher in der Schweiz (Tech. Rep. No. Mitteilung 182): ETH Zürich, Versuchsanstalt für Wasserbau.
Haeberli, W. (1983). Frequency and characteristics of glacier floods in the Swiss Alps. Annals of Glaciology, 4, 85-90.
Bieri, D. (1996) Abschätzung von Gletschergefahren im Raum Grindelwald - Lauterbrunnen - Lötschental. 
Haeberli, W. (1980) Morphodynamische Aspekte aktueller Gletscherhochwasser in den Schweizer Alpen."
B32-05;Central Europe;Alps;Switzerland;Uistere Stampbachgletscher;water pocket;;;Murgang;unknown;2631946,50;1139249,00;Stampbach;1988-08-19;;;;;;;;;;;;;;;Strassen und Brücken überschüttet ;;"route coupée;Stammbach (zwischen Blatten und Kühmad): Strasse und Wiesen mit Geröll (unerwartet) überführt; Strassenverbindung zur Fafleralp unterbrochen. Ursache: evtl. Ausbruch eines unterirdisch gelegenen Gletschersees (nach ROETHLISBERGER).
Rupture poche glaciaire
";;Roethlisberger 
B32-05;Central Europe;Alps;Switzerland;Uistere Stampbachgletscher;water pocket;;;;unknown;2631946,50;1139249,00;Stampbach;1989-08-20;;;;;;;;;;;;;;;10.000 m³ of debris covered the road between Blatten and the Fafleralp;;debris flood;unknown;VAW (2003). Inventar gefährlicher Gletscher in der Schweiz (Tech. Rep. No. Mitteilung 182): ETH Zürich, Versuchsanstalt für Wasserbau.
A54l-04;Central Europe;Alps;Switzerland;Upper Grindelwaldgletscher;water pocket;Glacier outburst flood;Internal glacier lake;;unknown;2652229,00;1162755,13;Schwarze Lütschine ;1927-07-27;;;;;;;;;;;;;;;unknown or not specified;;Wassertaschenausbruch.;1977;Kienholz, H. (1977). Kombinierte geomorphologische Gefahrenkarte 1: 10 000 von Grindelwald. Catena, 3(3-4), 265-294. CITED IN VAW (2003). Inventar gefährlicher Gletscher in der Schweiz (Tech. Rep. No. Mitteilung 182): ETH Zürich, Versuchsanstalt für Wasserbau.
A54l-04;Central Europe;Alps;Switzerland;Upper Grindelwaldgletscher;water pocket;Glacier outburst flood;Internal glacier lake;;unknown;2652229,00;1162755,13;Schwarze Lütschine ;1981-10-21;;1981-10-22;;;;;;;;;;;;;minor damage;;Wassertaschenausbruch mit offenbar nur geringer Schadenwirkung.;1988;Aellen, M. (1988). Die Gletscher der Schweizer Alpen 1979/80 und 1980/81. Jahrbuch 101/102, Gletscherkommission der Schweizer Akademie der Naturwissenschaften l SANW, VAW. CITED IN VAW (2003). Inventar gefährlicher Gletscher in der Schweiz (Tech. Rep. No. Mitteilung 182): ETH Zürich, Versuchsanstalt für Wasserbau.
A54l-04;Central Europe;Alps;Switzerland;Upper Grindelwaldgletscher;water pocket;Glacier outburst flood;Internal glacier lake;;unknown;2652229,00;1162755,13;Schwarze Lütschine ;2003-07-14;2003-07-14;2003-07-15;;;;;;;;;65,00;;;unknown;Überflutungen ;;"Flutwellen, ereignete sich circa um die Mittagszeit am 15.07.2003
Camping in Grindelwald evakuiert 
Öffnung der Schleussen im Lötschental somit konnte das Wasser passieren ";2003;"Berner Oberländer vom 16.07.2003 
Bettschen + Blumer (2003): Ereignisdokumentation"
A54l-04;Central Europe;Alps;Switzerland;Upper Grindelwaldgletscher;water pocket;Glacier outburst flood;Internal glacier lake;;unknown;2652229,00;1162755,13;Schwarze Lütschine ;2009-08-26;2009-07-31;2009-08-26;11766,00;2520,00;50000,00;;;;;;73,00;15,00;80,00;unknown;wenig Schäden, vor allem Tiefen- und Seitenerosion;;"Abfluss ging im Mättenberg vor dem Ausbruch der Wassertasche zurück viel Schwemmholz transportiert 
Überflutung Mättenberg";2009;"Tiefbauamt Kanton Bern (2009): Ereignisbericht vom Wasserausbruch
Tiefbauamt Kanton Bern (2010): Bericht 09397.1"
A54l-04;Central Europe;Alps;Switzerland;Upper Grindelwaldgletscher;water pocket;Glacier outburst flood;Internal glacier lake;;unknown;2652229,00;1162755,13;Schwarze Lütschine ;2010-08-26;2010-08-26;2010-08-29;16000,00;;;;;;;;43,80;;;unknown;geringe Überschwemmungen;;pulsartiges Abflussverhalten, danach auch noch gestörtes Abflussverhalten;2010;Tiefbauamt des Kanton Bern (2010): Kurzbericht_Ogri_2010_08_28.
A54l-04;Central Europe;Alps;Switzerland;Upper Grindelwaldgletscher;water pocket;Glacier outburst flood;Internal glacier lake;;temporary blockage of subglacial channel;2652229,00;1162755,13;Schwarze Lütschine ;2011-06-29;2011-06-29;2011-07-07;;;;;12000,00;;;estimated;50,00;;;unknown;geringe Überschwemmungen und geringe Schäden  Flussabwärts;;"grosser Schutttransport
Strasse überschüttet
Starkregen";2011;"Tiefbauamt Kanton Bern (2011): Oberer Grindelwaldgletscher; Wasserausbruch von 29. Juni 2011."
A54l-04;Central Europe;Alps;Switzerland;Upper Grindelwaldgletscher;water pocket;Glacier outburst flood;Internal glacier lake;;temporary blockage of subglacial channel;2652229,00;1162755,13;Schwarze Lütschine ;2011-08-25;2011-08-25;2011-08-27;29500,00;15000,00;44000,00;;44000,00;;;estimated;40,00;;;4min-gaged - baseflow excluded;geringe Überschwemmungen und geringe Schäden  Flussabwärts;;the flood volume and peak discharge correspond to one of the main wave among the multiple flood waves. grosse Mengen an Geschiebetransport ;2011;"Hählen, N. (2011): Ereignisbericht und erste Grobanalyse 
ARGE (2012): LLE Oberer Grindelwaldgletscher 2011
Tiefbauamt Kanton Bern (2011): Bericht 09397.3"
C84-16;Central Europe;Alps;Switzerland;Vadrec da l'Albigna;water pocket;Glacier outburst flood;Internal glacier lake;;unknown;2769959,00;1130423,63;Albigna;1927-09-24;;;;;;;2 700 000,00;;;estimated;128,00;;;unknown. But the flood volume might be overestimated, or at least no considering only the water pocket volume;"destroyed large parts of cultivated land & roads
Material damage";;Ein Wassertaschenausbruch verstärkte ein Niederschlagshochwasser. Das Abflussvolumen wurde auf 2.7 Mio m³ geschätzt. Bei diesem Ereignis wurde ein Grossteil des Kulturlandes und der Strassen zerstört sowie diverse Ortschaften bedroht.;"1928
1983
";"Amt für Wasserwirtschaft (1928). Hydrographisches Jahrbuch der Schweiz 1927. Eidgenossisches Departement des lnnern. Herausgegeben durch das Eidgenossische Amt für Wasserwirtschaft, Bern. CITED IN VAW (2003). Inventar gefährlicher Gletscher in der Schweiz (Tech. Rep. No. Mitteilung 182): ETH Zürich, Versuchsanstalt für Wasserbau.
Haeberli, W. (1983). Frequency and characteristics of glacier floods in the Swiss Alps. Annals of Glaciology, 4, 85-90."
E23-17;Central Europe;Alps;Switzerland;Vadret da l'Alp Ota;water pocket;Glacier outburst flood;Internal glacier lake;;unknown;2783587,25;1142907,25;Ova da Roseg;2006-07-11;;;;;;;;;;;;;;;"caused death of 1 person
Fatality";;Nach dem plötzlichen Ausbruch einer subglazialen Wassertasche entstand im Gletschervorfeld ein Murgang aus Lockersedimenten. Der Murgang floss über einen Wanderweg und tötete eine Person.;2017;"Glaciological Report  No. 135/136 (2017)
Bauder, A. (2017) The Swiss Glaciers 2013/14 and 2014/15."
B57-05;Central Europe;Alps;Switzerland;Zmuttgletscher;water pocket;Glacier outburst flood;Internal glacier lake;;unknown;2615709,00;1093997,63;Zmuttbach;1899-10;;;;;;;;;;;;;;;unknown or not specified;;Nach einem warmen Herbst brach eine grosse Wassertasche aus. Dieses Ereignis liess selbst in Sion den Wasserstandspegel der Rhone um 30 cm ansteigen.;1900;"Forel et al. (1900) CITED IN VAW (2003). Inventar gefährlicher Gletscher in der Schweiz (Tech. Rep. No. Mitteilung 182): ETH Zürich, Versuchsanstalt für Wasserbau.; Id. Ibid. CITED IN Lütschg, I. O. (1915). Der Märjelensee und seine Abflussverhältnisse: eine hydrologische Studie unter Mitberücksichtigung hydrographischer Erscheinungen in anderen Flussgebieten: Annalen der Schweizer. Landeshydrographie, Vol. 1. Sekretariat des Schweizerischen Landeshydrographie in Bern."
;;;;;;;;;;;;;;;;;;;;;;;;;;;;;;;;
